<?xml version="1.0" encoding="UTF-8"?>
<beans:beans xmlns="http://www.springframework.org/schema/security"  
    xmlns:beans="http://www.springframework.org/schema/beans"  
    xmlns:xsi="http://www.w3.org/2001/XMLSchema-instance"  
    xsi:schemaLocation="http://www.springframework.org/schema/beans  
    http://www.springframework.org/schema/beans/spring-beans.xsd  
    http://www.springframework.org/schema/security  
    http://www.springframework.org/schema/security/spring-security.xsd">  
    
    <http auto-config="true" use-expressions="true">
    	
    	<intercept-url pattern="/admin*" access="hasRole('ROLE_ADMIN')" />
		<intercept-url pattern="/user*" access="hasRole('ROLE_USER')" />
		<access-denied-handler error-page="/403" />
		<form-login
		    login-page="/login"
		    default-target-url="/user"
			authentication-failure-url="/login?error"
			username-parameter="username"
			password-parameter="password" />
			
		<logout logout-success-url="/login?logout" />
		
		<!-- enable csrf protection -->
		
	</http>

	<authentication-manager>
		<authentication-provider user-service-ref="userService">
		  
		</authentication-provider>
	</authentication-manager>
	
	<beans:bean id="userService" class="com.selenium.user.UserService" />
 
</beans:beans>
	
  